CVE_ID,Patch_commit,cve_func,oss_name,need_Oldest_version,need_Latest_version,patch_version
CVE-2013-6449,ca989269a2876bae79393bd54c3e72d49975fc75,ssl_get_algorithm2,openssl,openssl:1.0.1,openssl:1.0.1e,openssl:1.0.1f
CVE-2013-6450,34628967f1e65dc8f34e000f0f5518e21afbfc7b,dtls1_hm_fragment_free,openssl,openssl:1.0.0,openssl:1.0.1e,openssl:1.0.1f
CVE-2013-6450,34628967f1e65dc8f34e000f0f5518e21afbfc7b,tls1_change_cipher_state,openssl,openssl:1.0.0,openssl:1.0.1e,openssl:1.0.1f
CVE-2014-0160,96db9023b881d7cd9f379b0c154650d6c108e9a3,dtls1_process_heartbeat,openssl,openssl:1.0.1,openssl:1.0.1f,openssl:1.0.1g
CVE-2014-0160,96db9023b881d7cd9f379b0c154650d6c108e9a3,tls1_process_heartbeat,openssl,openssl:1.0.1,openssl:1.0.1f,openssl:1.0.1g
CVE-2014-0195,1632ef744872edc2aa2a53d487d3e79c965a4ad3,dtls1_reassemble_fragment,openssl,openssl:0.9.8o,openssl:0.9.8y,openssl:0.9.8zb
CVE-2014-0195,1632ef744872edc2aa2a53d487d3e79c965a4ad3,dtls1_reassemble_fragment,openssl,openssl:1.0.0a,openssl:1.0.0l,openssl:1.0.0m
CVE-2014-0195,1632ef744872edc2aa2a53d487d3e79c965a4ad3,dtls1_reassemble_fragment,openssl,openssl:1.0.1,openssl:1.0.1g,openssl:1.0.1h
CVE-2014-0224,bc8923b1ec9c467755cd86f7848c50ee8812e441,ssl3_get_server_hello,openssl,openssl:0.9.1c,openssl:0.9.8z,openssl:0.9.8zb
CVE-2014-0224,bc8923b1ec9c467755cd86f7848c50ee8812e441,ssl3_read_bytes,openssl,openssl:0.9.1c,openssl:0.9.8z,openssl:0.9.8zb
CVE-2014-0224,bc8923b1ec9c467755cd86f7848c50ee8812e441,ssl3_get_server_hello,openssl,openssl:1.0.0,openssl:1.0.0l,openssl:1.0.0m
CVE-2014-0224,bc8923b1ec9c467755cd86f7848c50ee8812e441,ssl3_read_bytes,openssl,openssl:1.0.0,openssl:1.0.0l,openssl:1.0.0m
CVE-2014-0224,bc8923b1ec9c467755cd86f7848c50ee8812e441,ssl3_get_server_hello,openssl,openssl:1.0.1,openssl:1.0.1g,openssl:1.0.1h
CVE-2014-0224,bc8923b1ec9c467755cd86f7848c50ee8812e441,ssl3_read_bytes,openssl,openssl:1.0.1,openssl:1.0.1g,openssl:1.0.1h
CVE-2014-3470,8011cd56e39a433b1837465259a9bd24a38727fb,ssl3_send_client_key_exchange,openssl,openssl:0.9.3,openssl:0.9.8y,openssl:0.9.8zb
CVE-2014-3470,8011cd56e39a433b1837465259a9bd24a38727fb,ssl3_send_client_key_exchange,openssl,openssl:1.0.0,openssl:1.0.0l,openssl:1.0.0m
CVE-2014-3470,8011cd56e39a433b1837465259a9bd24a38727fb,ssl3_send_client_key_exchange,openssl,openssl:1.0.1,openssl:1.0.1g,openssl:1.0.1h
CVE-2014-3506,1250f12613b61758675848f6600ebd914ccd7636,dtls1_max_handshake_message_len,openssl,openssl:0.9.8,openssl:0.9.8za,openssl:0.9.8zb
CVE-2014-3506,1250f12613b61758675848f6600ebd914ccd7636,dtls1_process_out_of_seq_message,openssl,openssl:0.9.8,openssl:0.9.8za,openssl:0.9.8zb
CVE-2014-3506,1250f12613b61758675848f6600ebd914ccd7636,dtls1_reassemble_fragment,openssl,openssl:0.9.8,openssl:0.9.8za,openssl:0.9.8zb
CVE-2014-3506,1250f12613b61758675848f6600ebd914ccd7636,dtls1_max_handshake_message_len,openssl,openssl:1.0.0,openssl:1.0.0m,openssl:1.0.0n
CVE-2014-3506,1250f12613b61758675848f6600ebd914ccd7636,dtls1_process_out_of_seq_message,openssl,openssl:1.0.0,openssl:1.0.0m,openssl:1.0.0n
CVE-2014-3506,1250f12613b61758675848f6600ebd914ccd7636,dtls1_reassemble_fragment,openssl,openssl:1.0.0,openssl:1.0.0m,openssl:1.0.0n
CVE-2014-3506,1250f12613b61758675848f6600ebd914ccd7636,dtls1_max_handshake_message_len,openssl,openssl:1.0.1,openssl:1.0.1h,openssl:1.0.1i
CVE-2014-3506,1250f12613b61758675848f6600ebd914ccd7636,dtls1_process_out_of_seq_message,openssl,openssl:1.0.1,openssl:1.0.1h,openssl:1.0.1i
CVE-2014-3506,1250f12613b61758675848f6600ebd914ccd7636,dtls1_reassemble_fragment,openssl,openssl:1.0.1,openssl:1.0.1h,openssl:1.0.1i
CVE-2014-3507,d0a4b7d1a2948fce38515b8d862f43e7ba0ebf74,dtls1_process_out_of_seq_message,openssl,openssl:0.9.8,openssl:0.9.8za,openssl:0.9.8zb
CVE-2014-3507,d0a4b7d1a2948fce38515b8d862f43e7ba0ebf74,dtls1_reassemble_fragment,openssl,openssl:0.9.8,openssl:0.9.8za,openssl:0.9.8zb
CVE-2014-3507,d0a4b7d1a2948fce38515b8d862f43e7ba0ebf74,dtls1_process_out_of_seq_message,openssl,openssl:1.0.0,openssl:1.0.0m,openssl:1.0.0n
CVE-2014-3507,d0a4b7d1a2948fce38515b8d862f43e7ba0ebf74,dtls1_reassemble_fragment,openssl,openssl:1.0.0,openssl:1.0.0m,openssl:1.0.0n
CVE-2014-3507,d0a4b7d1a2948fce38515b8d862f43e7ba0ebf74,dtls1_process_out_of_seq_message,openssl,openssl:1.0.1,openssl:1.0.1h,openssl:1.0.1i
CVE-2014-3507,d0a4b7d1a2948fce38515b8d862f43e7ba0ebf74,dtls1_reassemble_fragment,openssl,openssl:1.0.1,openssl:1.0.1h,openssl:1.0.1i
CVE-2014-3508,0042fb5fd1c9d257d713b15a1f45da05cf5c1c87,c2i_ASN1_OBJECT,openssl,openssl:1.0.1,openssl:1.0.1h,openssl:1.0.1i
CVE-2014-3508,0042fb5fd1c9d257d713b15a1f45da05cf5c1c87,OBJ_obj2txt,openssl,openssl:1.0.1,openssl:1.0.1h,openssl:1.0.1i
CVE-2014-3508,0042fb5fd1c9d257d713b15a1f45da05cf5c1c87,c2i_ASN1_OBJECT,openssl,openssl:1.0.0,openssl:1.0.0m,openssl:1.0.0n
CVE-2014-3508,0042fb5fd1c9d257d713b15a1f45da05cf5c1c87,OBJ_obj2txt,openssl,openssl:1.0.0,openssl:1.0.0m,openssl:1.0.0n
CVE-2014-3508,0042fb5fd1c9d257d713b15a1f45da05cf5c1c87,c2i_ASN1_OBJECT,openssl,openssl:0.9.8,openssl:0.9.8za,openssl:0.9.8zb
CVE-2014-3508,0042fb5fd1c9d257d713b15a1f45da05cf5c1c87,OBJ_obj2txt,openssl,openssl:0.9.8,openssl:0.9.8za,openssl:0.9.8zb
CVE-2014-3510,17160033765480453be0a41335fa6b833691c049,ssl3_send_client_key_exchange,openssl,openssl:0.9.8,openssl:0.9.8za,openssl:0.9.8zb
CVE-2014-3510,17160033765480453be0a41335fa6b833691c049,ssl3_send_client_key_exchange,openssl,openssl:1.0.0,openssl:1.0.0m,openssl:1.0.0n
CVE-2014-3510,17160033765480453be0a41335fa6b833691c049,ssl3_send_client_key_exchange,openssl,openssl:1.0.1,openssl:1.0.1h,openssl:1.0.1i
CVE-2014-3511,280b1f1ad12131defcd986676a8fc9717aaa601b,ssl23_get_client_hello,openssl,openssl:1.0.0,openssl:1.0.0m,openssl:1.0.0n
CVE-2014-3511,280b1f1ad12131defcd986676a8fc9717aaa601b,ssl23_get_client_hello,openssl,openssl:1.0.1,openssl:1.0.1h,openssl:1.0.1i
CVE-2014-3512,4a23b12a031860253b58d503f296377ca076427b,SRP_Calc_u,openssl,openssl:1.0.0,openssl:1.0.0m,openssl:1.0.0n
CVE-2014-3512,4a23b12a031860253b58d503f296377ca076427b,srp_Calc_k,openssl,openssl:1.0.0,openssl:1.0.0m,openssl:1.0.0n
CVE-2014-3512,4a23b12a031860253b58d503f296377ca076427b,SRP_Calc_u,openssl,openssl:1.0.1,openssl:1.0.1h,openssl:1.0.1i
CVE-2014-3512,4a23b12a031860253b58d503f296377ca076427b,srp_Calc_k,openssl,openssl:1.0.1,openssl:1.0.1h,openssl:1.0.1i
CVE-2014-3513,2b0532f3984324ebe1236a63d15893792384328d,ssl_add_clienthello_tlsext,openssl,openssl:1.0.1,openssl:1.0.1i,openssl:1.0.1j
CVE-2014-3513,2b0532f3984324ebe1236a63d15893792384328d,ssl_add_serverhello_tlsext,openssl,openssl:1.0.1,openssl:1.0.1i,openssl:1.0.1j
CVE-2014-3513,2b0532f3984324ebe1236a63d15893792384328d,ssl_parse_clienthello_tlsext,openssl,openssl:1.0.1,openssl:1.0.1i,openssl:1.0.1j
CVE-2014-3513,2b0532f3984324ebe1236a63d15893792384328d,ssl_parse_serverhello_tlsext,openssl,openssl:1.0.1,openssl:1.0.1i,openssl:1.0.1j
CVE-2014-3567,7fd4ce6a997be5f5c9e744ac527725c2850de203,tls_decrypt_ticket,openssl,openssl:0.9.8f,openssl:0.9.8zb,openssl:0.9.8zc
CVE-2014-3567,7fd4ce6a997be5f5c9e744ac527725c2850de203,tls_decrypt_ticket,openssl,openssl:1.0.0,openssl:1.0.0n,openssl:1.0.0o
CVE-2014-3567,7fd4ce6a997be5f5c9e744ac527725c2850de203,tls_decrypt_ticket,openssl,openssl:1.0.1,openssl:1.0.1i,openssl:1.0.1j
CVE-2014-5139,83764a989dcc87fbea337da5f8f86806fe767b7e,ssl3_get_server_hello,openssl,openssl:1.0.1,openssl:1.0.1h,openssl:1.0.1i
CVE-2014-5139,83764a989dcc87fbea337da5f8f86806fe767b7e,ssl_cipher_list_to_bytes,openssl,openssl:1.0.1,openssl:1.0.1h,openssl:1.0.1i
CVE-2014-8275,684400ce192dac51df3d3e92b61830a6ef90be3e,ASN1_item_verify,openssl,openssl:1.0.0a,openssl:1.0.0o,openssl:1.0.0p
CVE-2014-8275,684400ce192dac51df3d3e92b61830a6ef90be3e,ASN1_verify,openssl,openssl:1.0.0a,openssl:1.0.0o,openssl:1.0.0p
CVE-2014-8275,684400ce192dac51df3d3e92b61830a6ef90be3e,DSA_verify,openssl,openssl:1.0.0a,openssl:1.0.0o,openssl:1.0.0p
CVE-2014-8275,684400ce192dac51df3d3e92b61830a6ef90be3e,ECDSA_verify,openssl,openssl:1.0.0a,openssl:1.0.0o,openssl:1.0.0p
CVE-2014-8275,684400ce192dac51df3d3e92b61830a6ef90be3e,X509_verify,openssl,openssl:1.0.0a,openssl:1.0.0o,openssl:1.0.0p
CVE-2014-8275,684400ce192dac51df3d3e92b61830a6ef90be3e,ASN1_item_verify,openssl,openssl:1.0.1a,openssl:1.0.1j,openssl:1.0.1k
CVE-2014-8275,684400ce192dac51df3d3e92b61830a6ef90be3e,ASN1_verify,openssl,openssl:1.0.1a,openssl:1.0.1j,openssl:1.0.1k
CVE-2014-8275,684400ce192dac51df3d3e92b61830a6ef90be3e,DSA_verify,openssl,openssl:1.0.1a,openssl:1.0.1j,openssl:1.0.1k
CVE-2014-8275,684400ce192dac51df3d3e92b61830a6ef90be3e,ECDSA_verify,openssl,openssl:1.0.1a,openssl:1.0.1j,openssl:1.0.1k
CVE-2014-8275,684400ce192dac51df3d3e92b61830a6ef90be3e,X509_verify,openssl,openssl:1.0.1a,openssl:1.0.1j,openssl:1.0.1k
CVE-2014-9658,f70d9342e65cd2cb44e9f26b6d7edeedf191fc6c,tt_face_load_kern,freetype,freetype:2.1.3,freetype:2.5.3,freetype:2.5.4
CVE-2014-9663,9bd20b7304aae61de5d50ac359cf27132bafd4c1,tt_cmap4_validate,freetype,freetype:2.1.0,freetype:2.5.3,freetype:2.5.4
CVE-2014-9669,602040b1112c9f94d68e200be59ea7ac3d104565,tt_cmap12_validate,freetype,freetype:1.3.1,freetype:2.5.3,freetype:2.5.4
CVE-2014-9669,602040b1112c9f94d68e200be59ea7ac3d104565,tt_cmap13_validate,freetype,freetype:1.3.1,freetype:2.5.3,freetype:2.5.4
CVE-2014-9669,602040b1112c9f94d68e200be59ea7ac3d104565,tt_cmap14_validate,freetype,freetype:1.3.1,freetype:2.5.3,freetype:2.5.4
CVE-2015-0206,103b171d8fc282ef435f8de9afbf7782e312961f,dtls1_buffer_record,openssl,openssl:1.0.0a,openssl-1.0.1t,openssl:1.0.1u
CVE-2015-0206,103b171d8fc282ef435f8de9afbf7782e312961f,dtls1_get_record,openssl,openssl:1.0.0a,openssl-1.0.1t,openssl:1.0.1u
CVE-2015-0206,103b171d8fc282ef435f8de9afbf7782e312961f,dtls1_process_buffered_records,openssl,openssl:1.0.0a,openssl-1.0.1t,openssl:1.0.1u
CVE-2015-0206,103b171d8fc282ef435f8de9afbf7782e312961f,dtls1_read_bytes,openssl,openssl:1.0.0a,openssl-1.0.1t,openssl:1.0.1u
CVE-2015-0206,103b171d8fc282ef435f8de9afbf7782e312961f,dtls1_buffer_record,openssl,openssl:1.0.1a,openssl:1.0.1j,openssl:1.0.1k
CVE-2015-0206,103b171d8fc282ef435f8de9afbf7782e312961f,dtls1_get_record,openssl,openssl:1.0.1a,openssl:1.0.1j,openssl:1.0.1k
CVE-2015-0206,103b171d8fc282ef435f8de9afbf7782e312961f,dtls1_process_buffered_records,openssl,openssl:1.0.1a,openssl:1.0.1j,openssl:1.0.1k
CVE-2015-0206,103b171d8fc282ef435f8de9afbf7782e312961f,dtls1_read_bytes,openssl,openssl:1.0.1a,openssl:1.0.1j,openssl:1.0.1k
CVE-2015-0292,d0666f289ac013094bbbf547bfbcd616199b7d2d,EVP_DecodeUpdate,openssl,openssl:1.0.0,openssl:1.0.0l,openssl:1.0.0m
CVE-2015-0292,d0666f289ac013094bbbf547bfbcd616199b7d2d,EVP_DecodeUpdate,openssl,openssl:1.0.1,openssl:1.0.1g,openssl:1.0.1h
CVE-2015-1791,98ece4eebfb6cd45cc8d550c6ac0022965071afc,ssl3_get_new_session_ticket,openssl,openssl:1.0.0,openssl:1.0.0r,openssl:1.0.0s
CVE-2015-1791,98ece4eebfb6cd45cc8d550c6ac0022965071afc,ssl_session_dup,openssl,openssl:1.0.0,openssl:1.0.0r,openssl:1.0.0s
CVE-2015-1791,98ece4eebfb6cd45cc8d550c6ac0022965071afc,ssl3_get_new_session_ticket,openssl,openssl:1.0.1,openssl:1.0.1m,openssl:1.0.1n
CVE-2015-1791,98ece4eebfb6cd45cc8d550c6ac0022965071afc,ssl_session_dup,openssl,openssl:1.0.1,openssl:1.0.1m,openssl:1.0.1n
CVE-2015-1791,98ece4eebfb6cd45cc8d550c6ac0022965071afc,ssl3_get_new_session_ticket,openssl,openssl:1.0.2,openssl:1.0.2a,openssl:1.0.2b
CVE-2015-1791,98ece4eebfb6cd45cc8d550c6ac0022965071afc,ssl_session_dup,openssl,openssl:1.0.2,openssl:1.0.2a,openssl:1.0.2b
CVE-2015-3195,cc598f321fbac9c04da5766243ed55d55948637d,ASN1_item_ex_d2i,openssl,openssl:0.9.1c,openssl:0.9.8zg,openssl:0.9.8zh
CVE-2015-3195,cc598f321fbac9c04da5766243ed55d55948637d,asn1_template_noexp_d2i,openssl,openssl:0.9.1c,openssl:0.9.8zg,openssl:0.9.8zh
CVE-2015-3195,cc598f321fbac9c04da5766243ed55d55948637d,ASN1_item_ex_d2i,openssl,openssl:1.0.0,openssl:1.0.0s,openssl:1.0.0t
CVE-2015-3195,cc598f321fbac9c04da5766243ed55d55948637d,asn1_template_noexp_d2i,openssl,openssl:1.0.0,openssl:1.0.0s,openssl:1.0.0t
CVE-2015-3195,cc598f321fbac9c04da5766243ed55d55948637d,ASN1_item_ex_d2i,openssl,openssl:1.0.1,openssl:1.0.1p,openssl:1.0.1q
CVE-2015-3195,cc598f321fbac9c04da5766243ed55d55948637d,asn1_template_noexp_d2i,openssl,openssl:1.0.1,openssl:1.0.1p,openssl:1.0.1q
CVE-2015-3195,cc598f321fbac9c04da5766243ed55d55948637d,ASN1_item_ex_d2i,openssl,openssl:1.0.2,openssl:1.0.2d,openssl:1.0.2e
CVE-2015-3195,cc598f321fbac9c04da5766243ed55d55948637d,asn1_template_noexp_d2i,openssl,openssl:1.0.2,openssl:1.0.2d,openssl:1.0.2e
CVE-2015-3196,3c66a669dfc7b3792f7af0758ea26fe8502ce70c,ssl3_get_key_exchange,openssl,openssl:1.0.0,openssl:1.0.1o,openssl:1.0.1p
CVE-2015-3196,3c66a669dfc7b3792f7af0758ea26fe8502ce70c,ssl3_send_client_key_exchange,openssl,openssl:1.0.0,openssl:1.0.1o,openssl:1.0.1p
CVE-2015-3196,3c66a669dfc7b3792f7af0758ea26fe8502ce70c,ssl3_get_client_key_exchange,openssl,openssl:1.0.0,openssl:1.0.1o,openssl:1.0.1p
CVE-2015-7499,"28cd9cb747a94483f4aea7f0968d202c20bb4cfc
35bcb1d758ed70aa7b257c9c3b3ff55e54e3d0da",xmlHaltParser,libxml2,libxml2:2.4.23,libxml2:2.9.2,libxml2:2.9.3
CVE-2015-7499,"28cd9cb747a94483f4aea7f0968d202c20bb4cfc
35bcb1d758ed70aa7b257c9c3b3ff55e54e3d0da",xmlStopParser,libxml2,libxml2:2.4.23,libxml2:2.9.2,libxml2:2.9.3
CVE-2016-0705,6c88c71b4e4825c7bc0489306d062d017634eb88,dsa_priv_decode,openssl,openssl:1.0.1,openssl:1.0.1r,openssl:1.0.1s
CVE-2016-0705,6c88c71b4e4825c7bc0489306d062d017634eb88,dsa_priv_decode,openssl,openssl:1.0.2,openssl:1.0.2f,openssl:1.0.2g
CVE-2016-0797,c175308407858afff3fc8c2e5e085d94d12edc7d,BN_dec2bn,openssl,openssl:1.0.1,openssl:1.0.1r,openssl:1.0.1s
CVE-2016-0797,c175308407858afff3fc8c2e5e085d94d12edc7d,BN_hex2bn,openssl,openssl:1.0.1,openssl:1.0.1r,openssl:1.0.1s
CVE-2016-0797,c175308407858afff3fc8c2e5e085d94d12edc7d,BN_dec2bn,openssl,openssl:1.0.2,openssl:1.0.2f,openssl:1.0.2g
CVE-2016-0797,c175308407858afff3fc8c2e5e085d94d12edc7d,BN_hex2bn,openssl,openssl:1.0.2,openssl:1.0.2f,openssl:1.0.2g
CVE-2016-0798,259b664f950c2ba66fbf4b0fe5281327904ead21,init_ssl_connection,openssl,openssl:1.0.1,openssl:1.0.1r,openssl:1.0.1s
CVE-2016-0798,259b664f950c2ba66fbf4b0fe5281327904ead21,rev_body,openssl,openssl:1.0.1,openssl:1.0.1r,openssl:1.0.1s
CVE-2016-0798,259b664f950c2ba66fbf4b0fe5281327904ead21,ssl_srp_server_param_cb,openssl,openssl:1.0.1,openssl:1.0.1r,openssl:1.0.1s
CVE-2016-0798,259b664f950c2ba66fbf4b0fe5281327904ead21,sv_body,openssl,openssl:1.0.1,openssl:1.0.1r,openssl:1.0.1s
CVE-2016-0798,259b664f950c2ba66fbf4b0fe5281327904ead21,www_body,openssl,openssl:1.0.1,openssl:1.0.1r,openssl:1.0.1s
CVE-2016-0798,259b664f950c2ba66fbf4b0fe5281327904ead21,SRP_VBASE_get1_by_user,openssl,openssl:1.0.1,openssl:1.0.1r,openssl:1.0.1s
CVE-2016-0798,259b664f950c2ba66fbf4b0fe5281327904ead21,SRP_VBASE_get_by_user,openssl,openssl:1.0.1,openssl:1.0.1r,openssl:1.0.1s
CVE-2016-0798,259b664f950c2ba66fbf4b0fe5281327904ead21,SRP_user_pwd_free,openssl,openssl:1.0.1,openssl:1.0.1r,openssl:1.0.1s
CVE-2016-0798,259b664f950c2ba66fbf4b0fe5281327904ead21,find_user,openssl,openssl:1.0.1,openssl:1.0.1r,openssl:1.0.1s
CVE-2016-0798,259b664f950c2ba66fbf4b0fe5281327904ead21,srp_user_pwd_dup,openssl,openssl:1.0.1,openssl:1.0.1r,openssl:1.0.1s
CVE-2016-0798,259b664f950c2ba66fbf4b0fe5281327904ead21,init_ssl_connection,openssl,openssl:1.0.2,openssl:1.0.2f,openssl:1.0.2g
CVE-2016-0798,259b664f950c2ba66fbf4b0fe5281327904ead21,rev_body,openssl,openssl:1.0.2,openssl:1.0.2f,openssl:1.0.2g
CVE-2016-0798,259b664f950c2ba66fbf4b0fe5281327904ead21,ssl_srp_server_param_cb,openssl,openssl:1.0.2,openssl:1.0.2f,openssl:1.0.2g
CVE-2016-0798,259b664f950c2ba66fbf4b0fe5281327904ead21,sv_body,openssl,openssl:1.0.2,openssl:1.0.2f,openssl:1.0.2g
CVE-2016-0798,259b664f950c2ba66fbf4b0fe5281327904ead21,www_body,openssl,openssl:1.0.2,openssl:1.0.2f,openssl:1.0.2g
CVE-2016-0798,259b664f950c2ba66fbf4b0fe5281327904ead21,SRP_VBASE_get1_by_user,openssl,openssl:1.0.2,openssl:1.0.2f,openssl:1.0.2g
CVE-2016-0798,259b664f950c2ba66fbf4b0fe5281327904ead21,SRP_VBASE_get_by_user,openssl,openssl:1.0.2,openssl:1.0.2f,openssl:1.0.2g
CVE-2016-0798,259b664f950c2ba66fbf4b0fe5281327904ead21,SRP_user_pwd_free,openssl,openssl:1.0.2,openssl:1.0.2f,openssl:1.0.2g
CVE-2016-0798,259b664f950c2ba66fbf4b0fe5281327904ead21,find_user,openssl,openssl:1.0.2,openssl:1.0.2f,openssl:1.0.2g
CVE-2016-0798,259b664f950c2ba66fbf4b0fe5281327904ead21,srp_user_pwd_dup,openssl,openssl:1.0.2,openssl:1.0.2f,openssl:1.0.2g
CVE-2016-10328,beecf80a6deecbaf5d264d4f864451bde4fe98b8,cff_parser_run,freetype,freetype:2.1.3,freetype:2.7,freetype:2.7.1
CVE-2016-1833,0bcd05c5cd83dec3406c8f68b769b1d610c72f76,xmlNextChar,libxml2,libxml2:2.4.29,libxml2:2.9.3,libxml2:2.9.4
CVE-2016-1834,8fbbf5513d609c1770b391b99e33314cd0742704,xmlStrncat,libxml2,libxml2:1.8.5,libxml2:2.9.3,libxml2:2.9.4
CVE-2016-1834,8fbbf5513d609c1770b391b99e33314cd0742704,xmlStrncatNew,libxml2,libxml2:1.8.5,libxml2:2.9.3,libxml2:2.9.4
CVE-2016-1838,db07dd613e461df93dde7902c6505629bf0734e9,xmlParseEndTag2,libxml2,libxml2:1.7.0,libxml2:2.9.4,libxml2:2.9.5
CVE-2016-2177,a004e72b95835136d3f1ea90517f706c24c03da7,ssl3_get_client_hello,openssl,openssl:1.0.1,openssl:1.0.1t,openssl:1.0.1u
CVE-2016-2177,a004e72b95835136d3f1ea90517f706c24c03da7,ssl_get_prev_session,openssl,openssl:1.0.1,openssl:1.0.1t,openssl:1.0.1u
CVE-2016-2177,a004e72b95835136d3f1ea90517f706c24c03da7,ssl_check_for_safari,openssl,openssl:1.0.1,openssl:1.0.1t,openssl:1.0.1u
CVE-2016-2177,a004e72b95835136d3f1ea90517f706c24c03da7,ssl_scan_clienthello_custom_tlsext,openssl,openssl:1.0.1,openssl:1.0.1t,openssl:1.0.1u
CVE-2016-2177,a004e72b95835136d3f1ea90517f706c24c03da7,ssl_scan_clienthello_tlsext,openssl,openssl:1.0.1,openssl:1.0.1t,openssl:1.0.1u
CVE-2016-2177,a004e72b95835136d3f1ea90517f706c24c03da7,ssl_scan_serverhello_tlsext,openssl,openssl:1.0.1,openssl:1.0.1t,openssl:1.0.1u
CVE-2016-2177,a004e72b95835136d3f1ea90517f706c24c03da7,tls1_process_ticket,openssl,openssl:1.0.1,openssl:1.0.1t,openssl:1.0.1u
CVE-2016-2177,a004e72b95835136d3f1ea90517f706c24c03da7,ssl3_get_client_hello,openssl,openssl:1.0.2,openssl:1.0.2h,openssl:1.0.2i
CVE-2016-2177,a004e72b95835136d3f1ea90517f706c24c03da7,ssl_get_prev_session,openssl,openssl:1.0.2,openssl:1.0.2h,openssl:1.0.2i
CVE-2016-2177,a004e72b95835136d3f1ea90517f706c24c03da7,ssl_check_for_safari,openssl,openssl:1.0.2,openssl:1.0.2h,openssl:1.0.2i
CVE-2016-2177,a004e72b95835136d3f1ea90517f706c24c03da7,ssl_scan_clienthello_custom_tlsext,openssl,openssl:1.0.2,openssl:1.0.2h,openssl:1.0.2i
CVE-2016-2177,a004e72b95835136d3f1ea90517f706c24c03da7,ssl_scan_clienthello_tlsext,openssl,openssl:1.0.2,openssl:1.0.2h,openssl:1.0.2i
CVE-2016-2177,a004e72b95835136d3f1ea90517f706c24c03da7,ssl_scan_serverhello_tlsext,openssl,openssl:1.0.2,openssl:1.0.2h,openssl:1.0.2i
CVE-2016-2177,a004e72b95835136d3f1ea90517f706c24c03da7,tls1_process_ticket,openssl,openssl:1.0.2,openssl:1.0.2h,openssl:1.0.2i
CVE-2016-2179,f5c7f5dfbaf0d2f7d946d0fe86f08e6bcb36ed0d,dtls1_clear_queues,openssl,openssl:1.0.1,openssl:1.0.1t,openssl:1.0.1u
CVE-2016-2179,f5c7f5dfbaf0d2f7d946d0fe86f08e6bcb36ed0d,dtls1_clear_received_buffer,openssl,openssl:1.0.1,openssl:1.0.1t,openssl:1.0.1u
CVE-2016-2179,f5c7f5dfbaf0d2f7d946d0fe86f08e6bcb36ed0d,dtls1_clear_sent_buffer,openssl,openssl:1.0.1,openssl:1.0.1t,openssl:1.0.1u
CVE-2016-2179,f5c7f5dfbaf0d2f7d946d0fe86f08e6bcb36ed0d,dtls1_stop_timer,openssl,openssl:1.0.1,openssl:1.0.1t,openssl:1.0.1u
CVE-2016-2179,f5c7f5dfbaf0d2f7d946d0fe86f08e6bcb36ed0d,dtls1_retrieve_buffered_fragment,openssl,openssl:1.0.1,openssl:1.0.1t,openssl:1.0.1u
CVE-2016-2179,f5c7f5dfbaf0d2f7d946d0fe86f08e6bcb36ed0d,tls_finish_handshake,openssl,openssl:1.0.1,openssl:1.0.1t,openssl:1.0.1u
CVE-2016-2179,f5c7f5dfbaf0d2f7d946d0fe86f08e6bcb36ed0d,ossl_statem_server_pre_work,openssl,openssl:1.0.1,openssl:1.0.1t,openssl:1.0.1u
CVE-2016-2179,f5c7f5dfbaf0d2f7d946d0fe86f08e6bcb36ed0d,dtls1_clear_queues,openssl,openssl:1.0.2,openssl:1.0.2h,openssl:1.0.2i
CVE-2016-2179,f5c7f5dfbaf0d2f7d946d0fe86f08e6bcb36ed0d,dtls1_clear_received_buffer,openssl,openssl:1.0.2,openssl:1.0.2h,openssl:1.0.2i
CVE-2016-2179,f5c7f5dfbaf0d2f7d946d0fe86f08e6bcb36ed0d,dtls1_clear_sent_buffer,openssl,openssl:1.0.2,openssl:1.0.2h,openssl:1.0.2i
CVE-2016-2179,f5c7f5dfbaf0d2f7d946d0fe86f08e6bcb36ed0d,dtls1_stop_timer,openssl,openssl:1.0.2,openssl:1.0.2h,openssl:1.0.2i
CVE-2016-2179,f5c7f5dfbaf0d2f7d946d0fe86f08e6bcb36ed0d,dtls1_retrieve_buffered_fragment,openssl,openssl:1.0.2,openssl:1.0.2h,openssl:1.0.2i
CVE-2016-2179,f5c7f5dfbaf0d2f7d946d0fe86f08e6bcb36ed0d,tls_finish_handshake,openssl,openssl:1.0.2,openssl:1.0.2h,openssl:1.0.2i
CVE-2016-2179,f5c7f5dfbaf0d2f7d946d0fe86f08e6bcb36ed0d,ossl_statem_server_pre_work,openssl,openssl:1.0.2,openssl:1.0.2h,openssl:1.0.2i
CVE-2016-2180,0ed26acce328ec16a3aa635f1ca37365e8c7403a,TS_OBJ_print_bio,openssl,openssl:1.0.1,openssl:1.0.2h,openssl:1.0.2i
CVE-2016-2182,07bed46f332fce8c1d157689a2cdf915a982ae34,BN_bn2dec,openssl,openssl:1.0.1,openssl:1.0.1t,openssl:1.0.1u
CVE-2016-2182,07bed46f332fce8c1d157689a2cdf915a982ae34,BN_bn2dec,openssl,openssl:1.0.2,openssl:1.0.2h,openssl:1.0.2i
CVE-2016-4447,00906759053986b8079985644172085f74331f83,xmlParseConditionalSections,libxml2,libxml2:1.8.5,libxml2:2.9.3,libxml2:2.9.4
CVE-2016-4447,00906759053986b8079985644172085f74331f83,xmlParseElementDecl,libxml2,libxml2:1.8.5,libxml2:2.9.3,libxml2:2.9.4
CVE-2016-4483,c97750d11bb8b6f3303e7131fe526a61ac65bcfd,xmlBufAttrSerializeTxtContent,libxml2,libxml2:2.9.0,libxml2:2.9.3,libxml2:2.9.4
CVE-2016-4658,c1d1f7121194036608bf555f08d3062a36fd344b,xmlXPtrNewCollapsedRange,libxml2,libxml2:2.3.0,libxml2:2.9.4,libxml2:2.9.5
CVE-2016-4658,c1d1f7121194036608bf555f08d3062a36fd344b,xmlXPtrNewRange,libxml2,libxml2:2.3.0,libxml2:2.9.4,libxml2:2.9.5
CVE-2016-4658,c1d1f7121194036608bf555f08d3062a36fd344b,xmlXPtrNewRangeInternal,libxml2,libxml2:2.3.0,libxml2:2.9.4,libxml2:2.9.5
CVE-2016-4658,c1d1f7121194036608bf555f08d3062a36fd344b,xmlXPtrNewRangeNodeObject,libxml2,libxml2:2.3.0,libxml2:2.9.4,libxml2:2.9.5
CVE-2016-4658,c1d1f7121194036608bf555f08d3062a36fd344b,xmlXPtrNewRangeNodePoint,libxml2,libxml2:2.3.0,libxml2:2.9.4,libxml2:2.9.5
CVE-2016-4658,c1d1f7121194036608bf555f08d3062a36fd344b,xmlXPtrNewRangeNodes,libxml2,libxml2:2.3.0,libxml2:2.9.4,libxml2:2.9.5
CVE-2016-4658,c1d1f7121194036608bf555f08d3062a36fd344b,xmlXPtrNewRangePointNode,libxml2,libxml2:2.3.0,libxml2:2.9.4,libxml2:2.9.5
CVE-2016-4658,c1d1f7121194036608bf555f08d3062a36fd344b,xmlXPtrNewRangePoints,libxml2,libxml2:2.3.0,libxml2:2.9.4,libxml2:2.9.5
CVE-2016-6302,e97763c92c655dcf4af2860b3abd2bc4c8a267f9,tls_decrypt_ticket,openssl,openssl:1.0.1,openssl:1.0.2h,openssl:1.0.2i
CVE-2016-6303,55d83bf7c10c7b205fffa23fa7c3977491e56c07,MDC2_Update,openssl,openssl:1.0.2,openssl:1.0.2h,openssl:1.0.2i
CVE-2016-6303,55d83bf7c10c7b205fffa23fa7c3977491e56c07,MDC2_Update,openssl,openssl:1.0.1,openssl:1.0.1t,openssl:1.0.1u
CVE-2016-6304,2c0d295e26306e15a92eb23a84a1802005c1c137,ssl_parse_clienthello_tlsext,openssl,openssl:1.0.2,openssl:1.0.1t,openssl:1.0.1u
CVE-2016-6306,52e623c4cb06fffa9d5e75c60b34b4bc130b12e9,ssl3_get_certificate_request,openssl,openssl:1.0.1,openssl:1.0.1t,openssl:1.0.1u
CVE-2016-6306,52e623c4cb06fffa9d5e75c60b34b4bc130b12e9,ssl3_get_server_certificate,openssl,openssl:1.0.1,openssl:1.0.1t,openssl:1.0.1u
CVE-2016-6306,52e623c4cb06fffa9d5e75c60b34b4bc130b12e9,ssl3_get_client_certificate,openssl,openssl:1.0.1,openssl:1.0.1t,openssl:1.0.1u
CVE-2016-6306,52e623c4cb06fffa9d5e75c60b34b4bc130b12e9,ssl3_get_certificate_request,openssl,openssl:1.0.2,openssl:1.0.2h,openssl:1.0.2i
CVE-2016-6306,52e623c4cb06fffa9d5e75c60b34b4bc130b12e9,ssl3_get_server_certificate,openssl,openssl:1.0.2,openssl:1.0.2h,openssl:1.0.2i
CVE-2016-6306,52e623c4cb06fffa9d5e75c60b34b4bc130b12e9,ssl3_get_client_certificate,openssl,openssl:1.0.2,openssl:1.0.2h,openssl:1.0.2i
CVE-2017-12895,2b62d1dda41590db29368ec7ba5f4faf3464765a,icmp_print,tcpdump,tcpdump:3.5.1,tcpdump:4.9.1,tcpdump:4.9.2
CVE-2017-12896,f76e7feb41a4327d2b0978449bbdafe98d4a3771,isakmp_rfc3948_print,tcpdump,tcpdump:3.9.1,tcpdump:4.9.1,tcpdump:4.9.2
CVE-2017-12990,c2ef693866beae071a24b45c49f9674af1df4028,ikev1_n_print,tcpdump,tcpdump:3.5.1,tcpdump:4.9.1,tcpdump:4.9.2
CVE-2017-12990,c2ef693866beae071a24b45c49f9674af1df4028,ikev1_nonce_print,tcpdump,tcpdump:3.5.1,tcpdump:4.9.1,tcpdump:4.9.2
CVE-2017-12990,c2ef693866beae071a24b45c49f9674af1df4028,ikev2_auth_print,tcpdump,tcpdump:3.5.1,tcpdump:4.9.1,tcpdump:4.9.2
CVE-2017-12990,c2ef693866beae071a24b45c49f9674af1df4028,ikev2_n_print,tcpdump,tcpdump:3.5.1,tcpdump:4.9.1,tcpdump:4.9.2
CVE-2017-12991,50a44b6b8e4f7c127440dbd4239cf571945cc1e7,bgp_attr_print,tcpdump,tcpdump:3.5.1,tcpdump:4.9.1,tcpdump:4.9.2
CVE-2017-12992,e942fb84fbe3a73a98a00d2a279425872b5fb9d2,ripng_print,tcpdump,tcpdump:3.5.1,tcpdump:4.9.1,tcpdump:4.9.2
CVE-2017-12993,b534e304568585707c4a92422aeca25cf908ff02,juniper_atm1_print,tcpdump,tcpdump:3.9.1,tcpdump:4.9.1,tcpdump:4.9.2
CVE-2017-12993,b534e304568585707c4a92422aeca25cf908ff02,juniper_atm2_print,tcpdump,tcpdump:3.9.1,tcpdump:4.9.1,tcpdump:4.9.2
CVE-2017-12993,b534e304568585707c4a92422aeca25cf908ff02,juniper_es_print,tcpdump,tcpdump:3.9.1,tcpdump:4.9.1,tcpdump:4.9.2
CVE-2017-12993,b534e304568585707c4a92422aeca25cf908ff02,juniper_ggsn_print,tcpdump,tcpdump:3.9.1,tcpdump:4.9.1,tcpdump:4.9.2
CVE-2017-12993,b534e304568585707c4a92422aeca25cf908ff02,juniper_monitor_print,tcpdump,tcpdump:3.9.1,tcpdump:4.9.1,tcpdump:4.9.2
CVE-2017-12993,b534e304568585707c4a92422aeca25cf908ff02,juniper_parse_header,tcpdump,tcpdump:3.9.1,tcpdump:4.9.1,tcpdump:4.9.2
CVE-2017-12993,b534e304568585707c4a92422aeca25cf908ff02,juniper_pppoe_atm_print,tcpdump,tcpdump:3.9.1,tcpdump:4.9.1,tcpdump:4.9.2
CVE-2017-12993,b534e304568585707c4a92422aeca25cf908ff02,juniper_services_print,tcpdump,tcpdump:3.9.1,tcpdump:4.9.1,tcpdump:4.9.2
CVE-2017-13000,"8512734883227c11568bb35da1d48b9f8466f43f
9be4e0b5938b705e7e36cfcb110a740c6ff0cb97
a7e5f58f402e6919ec444a57946bade7dfd6b184",ieee802_15_4_if_print,tcpdump,tcpdump:4.6.0,tcpdump:4.9.1,tcpdump:4.9.2
CVE-2017-13002,cbddb98484ea8ec1deece351abd56e063d775b38,aodv_extension,tcpdump,tcpdump:3.5.1,tcpdump:4.9.1,tcpdump:4.9.2
CVE-2017-13007,ca336198e8bebccc18502de27672fdbd6eb34856,pktap_if_print,tcpdump,tcpdump:4.6.0,tcpdump:4.9.1,tcpdump:4.9.2
CVE-2017-13012,8509ef02eceb2bbb479cea10fe4a7ec6395f1a8b,icmp_print,tcpdump,tcpdump:3.5.1,tcpdump:4.9.1,tcpdump:4.9.2
CVE-2017-13013,13ab8d18617d616c7d343530f8a842e7143fb5cc,arp_print,tcpdump,tcpdump:3.5.1,tcpdump:4.9.1,tcpdump:4.9.2
CVE-2017-13013,13ab8d18617d616c7d343530f8a842e7143fb5cc,atmarp_print,tcpdump,tcpdump:3.5.1,tcpdump:4.9.1,tcpdump:4.9.2
CVE-2017-13013,13ab8d18617d616c7d343530f8a842e7143fb5cc,atmarp_spaddr_print,tcpdump,tcpdump:3.5.1,tcpdump:4.9.1,tcpdump:4.9.2
CVE-2017-13013,13ab8d18617d616c7d343530f8a842e7143fb5cc,atmarp_tpaddr_print,tcpdump,tcpdump:3.5.1,tcpdump:4.9.1,tcpdump:4.9.2
CVE-2017-13013,13ab8d18617d616c7d343530f8a842e7143fb5cc,spaddr_print_ip,tcpdump,tcpdump:3.5.1,tcpdump:4.9.1,tcpdump:4.9.2
CVE-2017-13013,13ab8d18617d616c7d343530f8a842e7143fb5cc,tpaddr_print_ip,tcpdump,tcpdump:3.5.1,tcpdump:4.9.1,tcpdump:4.9.2
CVE-2017-13019,4601c685e7fd19c3724d5e499c69b8d3ec49933e,pgm_print,tcpdump,tcpdump:3.9.1,tcpdump:4.9.1,tcpdump:4.9.2
CVE-2017-13028,29e5470e6ab84badbc31f4532bb7554a796d9d52,bootp_print,tcpdump,tcpdump:3.5.1,tcpdump:4.9.1,tcpdump:4.9.2
CVE-2017-13029,7029d15f148ef24bb7c6668bc640f5470d085e5a,print_bacp_config_options,tcpdump,tcpdump:3.5.1,tcpdump:4.9.1,tcpdump:4.9.2
CVE-2017-13029,7029d15f148ef24bb7c6668bc640f5470d085e5a,print_ccp_config_options,tcpdump,tcpdump:3.5.1,tcpdump:4.9.1,tcpdump:4.9.2
CVE-2017-13029,7029d15f148ef24bb7c6668bc640f5470d085e5a,print_ipcp_config_options,tcpdump,tcpdump:3.5.1,tcpdump:4.9.1,tcpdump:4.9.2
CVE-2017-13029,7029d15f148ef24bb7c6668bc640f5470d085e5a,print_lcp_config_options,tcpdump,tcpdump:3.5.1,tcpdump:4.9.1,tcpdump:4.9.2
CVE-2017-13030,5dc1860d8267b1e0cb78c9ffa2a40bea2fdb3ddc,cisco_autorp_print,tcpdump,tcpdump:3.5.1,tcpdump:4.9.1,tcpdump:4.9.2
CVE-2017-13030,5dc1860d8267b1e0cb78c9ffa2a40bea2fdb3ddc,pim_print,tcpdump,tcpdump:3.5.1,tcpdump:4.9.1,tcpdump:4.9.2
CVE-2017-13030,5dc1860d8267b1e0cb78c9ffa2a40bea2fdb3ddc,pimv1_join_prune_print,tcpdump,tcpdump:3.5.1,tcpdump:4.9.1,tcpdump:4.9.2
CVE-2017-13030,5dc1860d8267b1e0cb78c9ffa2a40bea2fdb3ddc,pimv1_print,tcpdump,tcpdump:3.5.1,tcpdump:4.9.1,tcpdump:4.9.2
CVE-2017-13030,5dc1860d8267b1e0cb78c9ffa2a40bea2fdb3ddc,pimv2_addr_print,tcpdump,tcpdump:3.5.1,tcpdump:4.9.1,tcpdump:4.9.2
CVE-2017-13030,5dc1860d8267b1e0cb78c9ffa2a40bea2fdb3ddc,pimv2_print,tcpdump,tcpdump:3.5.1,tcpdump:4.9.1,tcpdump:4.9.2
CVE-2017-13031,2d669862df7cd17f539129049f6fb70d17174125,frag6_print,tcpdump,tcpdump:3.5.1,tcpdump:4.9.1,tcpdump:4.9.2
CVE-2017-13039,e0a5a02b0fc1900a69d6c37ed0aab36fb8494e6d,ikev1_attr_print,tcpdump,tcpdump:3.5.1,tcpdump:4.9.1,tcpdump:4.9.2
CVE-2017-13039,e0a5a02b0fc1900a69d6c37ed0aab36fb8494e6d,ikev1_attrmap_print,tcpdump,tcpdump:3.5.1,tcpdump:4.9.1,tcpdump:4.9.2
CVE-2017-13039,e0a5a02b0fc1900a69d6c37ed0aab36fb8494e6d,ikev1_n_print,tcpdump,tcpdump:3.5.1,tcpdump:4.9.1,tcpdump:4.9.2
CVE-2017-13039,e0a5a02b0fc1900a69d6c37ed0aab36fb8494e6d,ikev1_t_print,tcpdump,tcpdump:3.5.1,tcpdump:4.9.1,tcpdump:4.9.2
CVE-2017-13039,e0a5a02b0fc1900a69d6c37ed0aab36fb8494e6d,ikev2_t_print,tcpdump,tcpdump:3.5.1,tcpdump:4.9.1,tcpdump:4.9.2
CVE-2017-13040,4c3aee4bb0294c232d56b6d34e9eeb74f630fe8c,mp_capable_print,tcpdump,tcpdump:4.5.0,tcpdump:4.9.1,tcpdump:4.9.2
CVE-2017-13040,4c3aee4bb0294c232d56b6d34e9eeb74f630fe8c,mp_dss_print,tcpdump,tcpdump:4.5.0,tcpdump:4.9.1,tcpdump:4.9.2
CVE-2017-13040,4c3aee4bb0294c232d56b6d34e9eeb74f630fe8c,mp_join_print,tcpdump,tcpdump:4.5.0,tcpdump:4.9.1,tcpdump:4.9.2
CVE-2017-13049,aa0858100096a3490edf93034a80e66a4d61aad5,ubik_print,tcpdump,tcpdump:3.5.1,tcpdump:4.9.1,tcpdump:4.9.2
CVE-2017-13050,83c64fce3a5226b080e535f5131a8a318f30e79b,rpki_rtr_pdu_print,tcpdump,tcpdump:4.2.1,tcpdump:4.9.1,tcpdump:4.9.2
CVE-2017-13050,83c64fce3a5226b080e535f5131a8a318f30e79b,rpki_rtr_print,tcpdump,tcpdump:4.2.1,tcpdump:4.9.1,tcpdump:4.9.2
CVE-2017-13051,289c672020280529fd382f3502efab7100d638ec,rsvp_obj_print,tcpdump,tcpdump:3.9.1,tcpdump:4.9.1,tcpdump:4.9.2
CVE-2017-13052,5d340a5ca6e420a70297cdbdf777333f18bfdab7,cfm_network_addr_print,tcpdump,tcpdump:3.5.1,tcpdump:4.9.1,tcpdump:4.9.2
CVE-2017-13052,5d340a5ca6e420a70297cdbdf777333f18bfdab7,cfm_print,tcpdump,tcpdump:3.5.1,tcpdump:4.9.1,tcpdump:4.9.2
CVE-2017-13687,a1eefe986065846b6c69dbc09afd9fa1a02c4a3d,chdlc_if_print,tcpdump,tcpdump:3.5.1,tcpdump:4.9.1,tcpdump:4.9.2
CVE-2017-13687,a1eefe986065846b6c69dbc09afd9fa1a02c4a3d,chdlc_print,tcpdump,tcpdump:3.5.1,tcpdump:4.9.1,tcpdump:4.9.2
CVE-2017-13689,061e7371a944588f231cb1b66d6fb070b646e376,ikev1_id_print,tcpdump,tcpdump:4.0.0,tcpdump:4.9.1,tcpdump:4.9.2
CVE-2017-13690,8dca25d26c7ca2caf6138267f6f17111212c156e,ikev2_ID_print,tcpdump,tcpdump:4.0.0,tcpdump:4.9.1,tcpdump:4.9.2
CVE-2017-13690,8dca25d26c7ca2caf6138267f6f17111212c156e,ikev2_auth_print,tcpdump,tcpdump:4.0.0,tcpdump:4.9.1,tcpdump:4.9.2
CVE-2017-13690,8dca25d26c7ca2caf6138267f6f17111212c156e,ikev2_ke_print,tcpdump,tcpdump:4.0.0,tcpdump:4.9.1,tcpdump:4.9.2
CVE-2017-7857,7bbb91fbf47fc0775cc9705673caf0c47a81f94b,sfnt_init_face,freetype,freetype:2.1.9,freetype:2.7.1,freetype:2.8
CVE-2017-7858,779309744222a736eba0f1731e8162fce6288d4e,sfnt_init_face,freetype,freetype:2.1.9,freetype:2.7.1,freetype:2.8
CVE-2017-8287,3774fc08b502c3e685afca098b6e8a195aded6a0,t1_builder_close_contour,freetype,freetype:2.1.3,freetype:2.7.1,freetype:2.8
CVE-2018-0732,"3984ef0b72831da8b3ece4745cac4f8575b19098
ea7abeeabf92b7aca160bdd0208636d4da69f4f4",generate_key,openssl,openssl:1.0.2,openssl:1.0.2o,openssl:1.0.2p
CVE-2018-0732,"3984ef0b72831da8b3ece4745cac4f8575b19098
ea7abeeabf92b7aca160bdd0208636d4da69f4f4",generate_key,openssl,openssl:1.1.0,openssl:1.1.0h,openssl:1.1.0i
CVE-2019-1563,"08229ad838c50f644d7e928e2eef147b4308ad64
631f94db0065c78181ca9ba5546ebc8bb3884b97
e21f8cf78a125cd3c8c0d1a1a6c8bb0b901f893f",cms_RecipientInfo_ktri_decrypt,openssl,openssl:1.0.2,openssl:1.0.2s,openssl:1.0.2t
CVE-2019-1563,"08229ad838c50f644d7e928e2eef147b4308ad64
631f94db0065c78181ca9ba5546ebc8bb3884b97
e21f8cf78a125cd3c8c0d1a1a6c8bb0b901f893f",CMS_decrypt,openssl,openssl:1.0.2,openssl:1.0.2s,openssl:1.0.2t
CVE-2019-1563,"08229ad838c50f644d7e928e2eef147b4308ad64
631f94db0065c78181ca9ba5546ebc8bb3884b97
e21f8cf78a125cd3c8c0d1a1a6c8bb0b901f893f",PKCS7_dataDecode,openssl,openssl:1.0.2,openssl:1.0.2s,openssl:1.0.2t
CVE-2019-1563,"08229ad838c50f644d7e928e2eef147b4308ad64
631f94db0065c78181ca9ba5546ebc8bb3884b97
e21f8cf78a125cd3c8c0d1a1a6c8bb0b901f893f",pkcs7_decrypt_rinfo,openssl,openssl:1.0.2,openssl:1.0.2s,openssl:1.0.2t
CVE-2019-1563,"08229ad838c50f644d7e928e2eef147b4308ad64
631f94db0065c78181ca9ba5546ebc8bb3884b97
e21f8cf78a125cd3c8c0d1a1a6c8bb0b901f893f",cms_RecipientInfo_ktri_decrypt,openssl,openssl:1.1.0,openssl:1.1.0k,openssl:1.1.0l
CVE-2019-1563,"08229ad838c50f644d7e928e2eef147b4308ad64
631f94db0065c78181ca9ba5546ebc8bb3884b97
e21f8cf78a125cd3c8c0d1a1a6c8bb0b901f893f",CMS_decrypt,openssl,openssl:1.1.0,openssl:1.1.0k,openssl:1.1.0l
CVE-2019-1563,"08229ad838c50f644d7e928e2eef147b4308ad64
631f94db0065c78181ca9ba5546ebc8bb3884b97
e21f8cf78a125cd3c8c0d1a1a6c8bb0b901f893f",PKCS7_dataDecode,openssl,openssl:1.1.0,openssl:1.1.0k,openssl:1.1.0l
CVE-2019-1563,"08229ad838c50f644d7e928e2eef147b4308ad64
631f94db0065c78181ca9ba5546ebc8bb3884b97
e21f8cf78a125cd3c8c0d1a1a6c8bb0b901f893f",pkcs7_decrypt_rinfo,openssl,openssl:1.1.0,openssl:1.1.0k,openssl:1.1.0l
CVE-2019-1563,"08229ad838c50f644d7e928e2eef147b4308ad64
631f94db0065c78181ca9ba5546ebc8bb3884b97
e21f8cf78a125cd3c8c0d1a1a6c8bb0b901f893f",cms_RecipientInfo_ktri_decrypt,openssl,openssl:1.1.1,openssl:1.1.1c,openssl:1.1.1d
CVE-2019-1563,"08229ad838c50f644d7e928e2eef147b4308ad64
631f94db0065c78181ca9ba5546ebc8bb3884b97
e21f8cf78a125cd3c8c0d1a1a6c8bb0b901f893f",CMS_decrypt,openssl,openssl:1.1.1,openssl:1.1.1c,openssl:1.1.1d
CVE-2019-1563,"08229ad838c50f644d7e928e2eef147b4308ad64
631f94db0065c78181ca9ba5546ebc8bb3884b97
e21f8cf78a125cd3c8c0d1a1a6c8bb0b901f893f",PKCS7_dataDecode,openssl,openssl:1.1.1,openssl:1.1.1c,openssl:1.1.1d
CVE-2019-1563,"08229ad838c50f644d7e928e2eef147b4308ad64
631f94db0065c78181ca9ba5546ebc8bb3884b97
e21f8cf78a125cd3c8c0d1a1a6c8bb0b901f893f",pkcs7_decrypt_rinfo,openssl,openssl:1.1.1,openssl:1.1.1c,openssl:1.1.1d
